1700035991146,101491,3SsAM6m98vspVvHXA3CXPX6fNFGVja6T4SS41xVC73Jz
1700036888850,101492,2FRdJdhhvpwjiGVmz1o1raVgtY178ywRgf6WmQ3PBg3a
1700036921514,102148,C5QUTSz81JLVuioLMm68F2ZKB9t7MpiShLA9GnMnyKx7
1700036956229,102464,AADKozfuUpcWbVS7s3ncLvLeb35W6NkWsoEtsc8fAVN7
1700036994321,1011,8GefStEc7gB8ZwFxfnMP33ipSAiRmZ6fNyhnMuJ9R1AR
1700038399471,1013,FoQ7RsFNSApUBqYPG9mbnYQTFNK1gtfeUgM57JJYDz5x
1700038436629,1014,Am9Kv1Rnoh22GfG7rLGU4bqQw1w2m5znzBbjDbCTRoZb
1700038471342,1017,2xdKiSFbdFBTz7yDJZrD2BVM3FfcN4o5ZznW27hURRnh
1700038500938,1018,E6HB7zPkwNmt4qGpoeyNRp1Mdjr2wLSFykXNTchnRzwj
1700038537391,10115,Ace5PzBAnNSwJYaTUoybbzg5a53vXTbND1MczRRrz52A
1700038577868,10116,BezVrgbBSNLNPsiu9jjVAxdCt9dMx7YjEqhvC6iVD85P
1700038674721,10117,E6fRHbg4j38jNHPmwyiret6nvR6E4qgd6yWxQun8nuTe
1700038705437,10118,8hxouiSHAJuvjBKZLdz9v9LZNPiYQYuU23kEc1XMUF9L
1700038737381,10119,53e7SM6XqYvNCazQSSXdqKazVsKc7cK1pYqkuzDrCc5u
1700038772342,10120,Eqsyt8dCu8MVTeFpEjuHcrTwsG93f4wvGG8ZeamHuVdB
1700038809165,10121,6YhDoNEY95tojzAaf6rgJxXAcJsskQ7w6mcTJCFwUH4A
1700038840191,10122,9hT3gmSwrep7K8fXWBSRB1gNK7hqNuL2uq9VG2DCQXPV
1700038911895,10123,8z7L9dp779h6BhPqTWngng49h4XpkwUc9XrKYjtoB7zb
1700038958670,10127,BfUC4LnmZHTnFbq7RYHKcMCFaqPxdfvxtkpUxrso4g1G
1700038990417,10128,DFnCxRswo26MPrXxNnLkFnkmXDqqD2eRsaXmXWuGetXf
1700039020937,10129,3teyTgGXfYsJbNUC4MLKmncyrPLhKmVyb2kxNbsRHYYu
1700039053903,10131,GcuYmKE14sn5Dc417H347DJC15aibkspYHsTtd6MJfbD
1700039085327,10132,FxCX8EyZHvanPZ9wWmBtU7WqueXs3eHGJzrENjR35AxC
1700039132445,10133,5kJPBdcFrRxwsGoxgJ5M7PYdHz5YH1kYsjkYTwd2GMeu
1700039223691,10134,HctCKEggDcHWcKFECeFvMcrQuDWjDZBKj2MEdHJwy9Ex
1700039257787,10136,4F1CNZdx4UoUNAATd1Pf8wQVARMUmnZAgr4pkEHcJDBJ
1700039287734,10137,GeAp4Ve31J3Ytdqh6D2i3gE1bkvoGBKzY69kmmMi7zvE
1700039321068,10138,WawUuYaypPU7S8ov5HZCbV3RR5SKxrbjmwEg5jZzSg3
1700039355275,10140,Ad6a95W7xhRUvDdW6qpZfFHiwuJn1sQZRNsuskx32SF7
1700039393569,10146,677PJ52mRJEaoK7QzyPVdo6wUnmfASCdhL3RB1wvG7FK
1700039429155,10147,2T4pvjEhD51eRqbDjrHYZpMbsKgEKd9ALLp8dtQ7zbzt
1700039460010,10149,CBcxCe3Zo2SzENgrhahxGsZTZApGzFX11dBa288EgJjK
1700039551729,10151,2rhJHe3ZdgB85Prey7rgPpUvXwvQNzWzqXHpySfSgp4K
1700039586285,10153,5StJGqs9tmtubeiEKCMA6eGed6aZ9NUx421qbVfpaHSD
1700039616715,10160,FUfeYYv1Vm4vdno2mYWVUyJnfwsgEgTJfL2SpafQyMvh
1700039652320,10161,5gPSbV8bLv5FzLYWVP5okQms2KiPVKRSpB4PdxKhQodS
1700039685392,10164,9QsVMFNPR7HUMsYkJ8FSTz5ZrF2a1mWva9WVnxEsK3L3
1700039725730,10166,FQmdTZVeJLW9q5WkYaVamiKbQpWzUAYzGAH5LJ4UGPxt
1700039759530,10167,4fmqe1N6ZHPJ9f44uBuuGieMJCZQgLHEVH7ABs2TGEs1
1700039850060,10169,EVG11YiZMbFjnY4tibnRMxoxSj1m4ZLU78f6z47GgMsd
1700039885067,10170,6DY7CtvzV8zpT7DPgD9AaezRDHikaeahUhv8zQs2tna5
1700039917936,10172,2D1umrHCzBcr2QhGQDYYJM6gaojeQTqYmvNH5kJduMqS
1700039953469,10173,ACiRWB59YzzdHyVWGQrdgwex9yZVPE9mi75mKzQMUmQb
1700039986440,10174,9etrCPx9f5MdiVpg13Q7i3hX4t1FBNyMQWA1DQwDgF8M
1700040032750,10175,38ssitqcvM2GUQCAzbeUbmaJnuW9T4yjHt2WaW8m6pou
1700040069193,10177,iJ6PVXWWCjV2AgCMYaC1uBE2NJTkCnVXkYzeSKtzWFg
1700040101434,10178,GEv3dLdfiMRSH7Su9vQi34yhUtokiymGGpeGPce7yA5f
1700040137480,10179,8dmo5JGnmda3pJodiQKpoGCNQwjwy6DWMGugXT9vFLZj
1700040178643,10180,ETApfwTGno9N3mvBXc71L8TewdsdknAWrDAA6dnDzSgz
1700040284532,10181,Hi9Nnvv8SSDDscB6T5uS9PY8He5R6ihvv336JUggTJpe
1700040320254,10184,HyV8wacwHtkfKKVwvReTJ3XRQArbbydxCGjzF3q7uYkc
1700040357636,10187,EaijG78MUbXSKMZRNahm7VWJS2fWyrhMBmo2am3fXCwt
1700040393169,10188,d7YBWHnnwiGXnCxeuZm3r26NxzfkiGobeAMGiZh7Vco
1700040427883,10189,8bJch6yaFboQ5qEHdoQQYtJXbz6mjcafTUr4yFcyeaxP
1700040460444,10190,6oZyfhBkgAJhQ7RFyvmYNxxH4deUxV3R1Z84WEvn9zxH
1700040501821,101101,BUkBMFCN5Q5AMFQdH3tYGPEDAU7cUie7dEZYmzeaEoAJ
1700040536730,101102,Aqm7AK2Xfst46YarJdXjuEgd2xzaDSzyhNR2c5P4Yet3
1700040570548,101105,DdQZBZBcSdp5aVzmuqnnU3KDjoLdBuWfpmN4jt3Xcwes
1700040602860,101107,EdFhYHoPHRareJd3j1khhqGipaF4MgJSJHaE3sUg3qPy
1700040693311,101108,94hNpG2C8NDyC1S83sqMa1mY8rYQWqYt9L44J6grLXZ7
1700040726278,101112,HYrh7P7Ei1Zb7HijgaLpdT5pzw6Rqf8Vmo3LmrQmZkEB
1700040764955,101113,GScKhmJ5UzVDe8LALhdxmLgucNaLna3AbiqCaoVqLmE2
1700040805739,101114,3yg5kcY6ErfULd72YC2FsRxTkh6W3SHG2KWHG96m9cpH
1700040841285,101116,HFimJg29vvWTPJAgVqS4jNcFKQrWzZUJCmyr6MoPYtWn
1700040878851,101117,5fC3hyj6waoHFvG3bz7LvkkRmpyDzaZfKkTtkmZA3D6i
1700040914793,101118,F7PNSBF2nAXc5AStYBJAEQzYeGECViJjq9duabGD1j1C
1700040961469,101120,EPo4qzNPFKyHSVs6eCfsKGcN4g4Pye8P4B4LCde4eNBu
1700040995587,101121,9MPkUwyYP5gKFjDAEkoeafhsLpSXwQrSkhhte67crba5
1700041033997,101122,8TZyWuKfRykmTW4GTsjMnxYyy25UGP2m1c4irBCGirDJ
1700041098604,101123,FLB2yJdQVSVEyJypAG2iZkE94PAkCkSyXjYu8cqyvoeU
1700041134104,101124,H8YnBFqAdyrtjPPo9jvbuGQF9B21dNG9UkwEokm6m3kr
1700041169566,101125,HRtHoPETdUsJc1z9osb2aaicz6CbjDTRTsUUSyhLpzba
1700041203213,101126,H1aQPTJeoHFQrJprNY64wFNHTxBUG5Qd5hUtivkfe3EN
1700041233057,101128,4ecgTSU2zUWhCPx1MiRBZ1tNTDNBP3rx9BvewrgNJtPz
1700041269923,101131,oHvLGn22X3hWzz85HoysZPNYMPCb4xbYZNyoAiaM34e
1700041302031,101132,HsEg5wRwayUhw1TDvLDDW89xbCNnpEbHWc3m5VLoAMUv
1700041336170,101134,BKt8o9eDFX5MtBKS77GNfzhPvcamujG9e9WAa7YHvXVC
1700041373447,101135,Aba9JGChZBs3oStfNQm4Nr6yezP9ApzxZoWGrYqLpmXL
1700041403951,101136,86buQ3qw6ofnUmPB4Upr6vswmU5YJBMhWwakpP5BeTwv
1700041527526,101137,6SQtai1GPrjeNyGHtXMZ9GEPn2Fj6kDbEBcSebn6nhge
1700041563935,101138,7fjeyqaAYffxorAzGozCL8UqhdT8VRbYfvtQQdwLHUdF
1700041603263,101139,2Eypg8aXyZag9BcsHH1YWaW3RPKNxetRvbq3JxNu3JTN
1700041636101,101140,3EDA8SJZoPzwSKyxYqjQ1VwJP7Ca6nXpRxSJQ4Nr9VnR
1700041676156,101141,381YofmYMz4R2AMqTUhFswZSKD67mtHocdtkzAa7wniH
1700041709165,101143,AaeKZtbBX5UxSk2pPghJQRfHVhap3VrsXTNvnRb3D9PJ
1700041745806,101144,DTZSToafujeZ9Mm2TNKAWVd982JGvpG2z9TgzmmSrJko
1700041780229,101146,FGAXufEop2m1QUaooUsx85CrQYwgwwCTAEpqG4aAfdLB
1700041817756,101147,6L6az3Pggt3dNXvc3hLX9DH8EooRBW99Wo7KQD5iFpec
1700041852569,101148,66hFULEjqCuvvRj369dVX4FMwqxoA3HKiL5mpWcKkfYk
1700042063933,101151,55eT9Mei5tUJL13ehZR2rhtfgsTXtycPWfsUkyfReXgS
1700042103046,101156,HxQ2i9Mw2U9UFK7s2j54ugPF24dDTvCYmkQtNXx1ryXc
1700042140068,101157,BXcwKFaQRsDqDaqrtW1Wj3yp8VQWjik1z7JGRZvwR23E
1700042176973,101159,DVkN7WoTPsJ4coXujU7TtKLQHaDJ4cS51cwdX3nZi1Xc
1700042210562,101160,3tLU3SJWGSdsgMy8MNbwTgE2xediJvsui96FhiKVGfFv
1700042248985,101161,8ksb9YSXSf37Z2t6twLnq6YfGNUptnxovyufCV8R9Boc
1700042288189,101163,J65Xoj8DmbAa4einHECF7pAsbFMNWPByQUdmqdtF4W3Y
1700042328542,101164,DTqf88y3ygU3LX176cEvSxxKq7QTRVaELCSSbLvTN6AY
1700042367762,101165,EryjxWp9hDcUeTEWzQBCJ45nhYLyJbqBbNaK2sVGLRDL
1700042405948,101166,CyGfpqrDn3ifNpVXtQWthvArp9HLCKVAeV5bygA8eDvF
1700042456123,101167,4QwZB5thaXcehNyFpSGLm1hL6o9eSHj2RApX6SvcLuQj
1700042492669,101168,4FzUWUt8DJ5ixK3V4ruW8uYU5bgyD95KY5jt4fuV7ruo
1700042527512,101169,7HGvsQhmyZGnRdYeFgJPFiiUwt5LRKXiLVpfZYsPtNi4
1700042566624,101170,9m3GzECGskJS8nTZWqT25fa2A1dPavQQd9B8zCQSwezx
1700042613621,101171,JNp44rJ3Uv9b845FQDinWYgq7zFUYgvQ5mn2MG6z5Qt
1700042650878,101172,7DQHnWXm5KZriBCpaKTfuBHGd5sr7S39ndRL31dJbo2S
1700042687867,101173,4WQM6PF8jU9JhQLD2Ktm9v2nQRfQnWAmZqUQ7DfapHBX
1700042731079,101174,CDC3oByQg6VhnAGazT9UzP6RJCmf3bESrJQ2cnuD6vim
1700042766391,101175,9VRYr5wSG59ZSSNa2npNJDztUYA56gh1nUPDMPkKSqCu
1700042808990,101176,D1BLpVbPYCrf7YSPBUM7u3r8gAQzP5X2ebwEnaHKAndZ
1700042866644,101177,GSyHwdHzzH8bK89f25sUr2AmeHDm274Mbq9VLRxryRZc
1700042901455,101178,A1etna7Us4SisyMFi8qJLc4spyQsEvdwnp2KzTzaDNTL
1700042936268,101179,GA2jdbgbUkoKHAELgLL51DtSBxDCu6EsrBXX7Ph1KNh7
1700042973135,101180,G9yhbXHgTX4RLKZtwr6dWEWWtAxC3XTvut5aYNLuPTqT
1700043012933,101181,CQaL75V718h9SRvHG92seL5i9EeM3gnSpSozd1wDTQxs
1700043043994,101182,6DhEttE7H2Q66f87BRUfahBTbaPAPr9LhmpYjiszGVQi
1700043080444,101183,4mcSkbZyDVSLdUn5jQsztKkioHWXJVokeiuP52pFbMuu
1700043115909,101184,EnmWR8MPHmH3Z9txG7egAEswDpJxvB4uJG41YroWYLuU
1700043147188,101185,C9Bcm5qhk5LA5sNm2VQyaCgiqC1uhkgwFUhA7zyjUUaZ
1700043185717,101186,GVwTexkc3AGawKZfnXe5VcZCxQVYWYitv64Vv47CRszJ
1700043234469,101187,7kyK5nCHN4MTWGTT4h23kSEsUvm8LbDf8ubsyMPW1GoG
1700043271230,101188,BH7rZ5iWgctdz7zaHatn5Kzc8nZ8oFWRP71DYJKKqyMF
1700043304813,101189,9fdig5BmsCCNdnjtDFD9HvSwNqudxCmHxRGkURz6gcaj
1700043337051,101190,9mCg1AXe1eD3Rss4kAGpihRsvL6NvV3iS7SwxZhMewrx
1700043373010,101191,H4YkKhdVmzNsGS587Wd6zeughiKzHTPyusU2xJxA6Bc5
1700043408741,101192,EQrMwqtJ8MM7fYPuSZfsVmSmuYzcKPEjfmLbpAiKk4pb
1700043440793,101193,5zcDuxQcKgmsJQW1xvVGNFp3pWmkaNMfNU2KR1mzxgR3
1700043472948,101194,5XMNHvEkDu9g9Rd73qHK6FM1xQ3nrmRQ99yzDnvY6EB7
1700043509223,101195,7MZggBap3B9d1VTjahrtqApRkZUNkcSpSw5yLBbTyWY3
1700043539930,101196,FDGEH9wG72xquqrpvvRzWMeBL5eiCeb3gCGywUi437VK
1700043591224,101197,FwnJiSftardxAkgFSSgJAF9TAwj6xxub4uMH4yRJb1VL
1700043631977,101198,35P6WTZYYeAEyXSRCnP89c6ieZgh6VVCnRU56tJRQnXu
1700043668230,101199,DmVFp9zCGQeoarAabxSbQyD17dFF3S5L2ptFYpPLdus5
1700043699565,101200,E8rwWdhx2STavnghbnmfyoMWLLj3QEk6Sy3LuDNtUe3v
1700043739206,101201,Gxw4nWYtwyatFAu5T3XJkDVj6kAMFyJscn66ZNBZnJBy
1700043776360,101202,3f6uMQ1TLEHBMrPA6GkrwfX9ocYqqJ6anz13pqYP1Zba
1700043810047,101203,Bz3YDSstSjAEFBwvPVsFP1uZgj1ky3jkGtH9Sfi1pf9K
1700043845277,101204,EHpuZMsasZwSCd3wF6PQ7cdLW4vRJbWfFNx8ZQG9FGLa
1700043882852,101205,48E2CQW8kT2FbZm9yr6a5Epi995vnLJcwp1nAZwRrZY9
1700043933441,101206,4NFA1gMSPra7DKsW24gZ8DTuw612kR9wNYA1xhgL3zZL
1700043994169,101207,9KUoh4segvWoEw7U4aTwymCwbVHr3p12hRKctgXRRjfD
1700044035865,101208,79NeLLytrgicoRe9wohbT1VKZ86dgmAvxQUagm86fRR1
1700044079344,101209,AL1uAU9eTfygripDryy7tf4GkFMDAUM6T88WQ4Mi6Y92
1700044109982,101210,DUii7tu7a4K2tWVE4ffbtYnCAE774cSz442hVtQGaBhw
1700044142852,101211,8ZVuWZy4s2aXeCMZkD1mcWYbxSZxSNw5yiAGd3nFRidb
1700044186570,101212,3fXesw6AKsK8GvnqWRo8BooihwKnHWSv1vV4Us4nik5L
1700044231730,101213,2ykxv3rnDcEBcgJu7RXRmf6DcmSUDTu2nYuH5snhCr7t
1700044265622,101214,FScs7kbsrtcqyM3ViKZM3kRECgnyVfnxXrhEvixHxBWx
1700044306452,101215,HSw2AZwxjZ32RJ4MNXtfaHwf9mWpB5rDLwQCZ8JCrtjf
1700044343247,101216,DUUbMECHgH5ZW4XFr8CQrfVBRa5XDcj8zedWg8m2HoLY
1700044416469,101217,2REkYhd4hyKvcM3eKMFCmKsNsKL218i87ghMdZpLd1Uy
1700044452677,101218,47jsU7z4ZnhfE9vGyMY2VCiUDcQDjhnhEdUhyHEFzXu6
1700044489187,101219,FXmf2TKXEVfR7UL5z6YQS2DboeZw28ressV81wHyKmcR
1700044532181,101220,8RfF7G7e3YmXizkxJxP7zK94qGiPQ11vfq8hAskqWpfk
1700044586341,101221,BvhH22ddXec58BnD1SM5JRgfYgsaNu62QQx9NekHWvoy
1700044621158,101223,8sskQDsUKRVek2M2XA135ZFwDNXhGj7d9ZTUqcfcyZsW
1700044665817,101225,DpqKDkYrn1zTBXYKyj3WyhQEu6Kb8z3AL6noLJvm3qxg
1700044703593,101226,EXvtFWS8YcDiV4pe8aTjBRXc91uPVSMsaV4yApn3eU5W
1700044740167,101227,DwR3c3LxzjFP7JFyg8v6W8aYAQGRkkL7BeiMxGhmAVXh
1700044776410,101228,3Y2km7C8iHeRuAnooY4PQaiP55kW54yU7swn2WH2Zggd
1700044837857,101229,
1700044867354,101231,8v5BdpK1sF4hY1MfJMrzqZg6kfE3fV1gSZ4SoN3ox2cp
1700044906368,101232,3J7sGp83NpciEzG5xQUvpm48nYX3n5G4KJWC8znP1e9W
1700044941465,101233,DMk5ruyeU8j5TfUgkxm5v4xC8DeZUuQcsKk8P8tCEGA9
1700044977026,101234,8D5gQpooi7Azm7wG37eR22jSa8xq4A41Zvfz3rMBJGa7
1700045007736,101235,2BPWtFw2SAZqRSQ9qSxUWn1JsSiqcdb9AahRy98CYfFh
1700045039606,101236,4Kk5TNdUpjV1bEtCs8cAGc7LmsZoLKJ2wB44LMfNuuad
1700045083903,101237,DUjK5sPXvTeAMnLbLGLb2i5QyusDQfZCjjtXSL3QfpwA
1700045117899,101238,2QZKCMDbgYmakWGipTihuM6iFqV5u299aTpDTWPKV3Sx
1700045150793,101239,Hsyb5nsSem4ADLQqgNraTiuu6PQrc7yqUxPPJkCGavzp
1700045188862,101240,8PfYE8LXD7VysUpzQcXb7jN8szMYmCtS886Zpyf7eqZk
1700045228186,101241,EZJYdf3jw8NBuXxFveXfDLzqyGSDgomG57XXtgh9avze
1700045263410,101243,BDc2iCZXe16iwYccwioZw2qXyJ8vsmQfHxtY5Kv9ENsW
1700045299574,101244,GJReHxEioAyq7ULiW8k4cetkXZPXAsBqQ8JCKAzGoiZm
1700045334903,101245,4SSHUbfEi9hDgAFUqbWULpgbcx1SM6jsaU5fCkeLSj51
1700046257096,101246,592TGgNk2qJbaKCtFL96fZvG5eXATBR1hm921vDiZqUt
